AV;15000
PC;1.00049e-08
Total number of counts;2000450
Mode;Fixed counts
Profile;Resolution
Real time;235.65
Live time;201.109

Energy [eV];Counts
10;0
20;0
30;0
40;0
50;0
60;0
70;0
80;0
90;5
100;7
110;11
120;20
130;52
140;98
150;174
160;319
170;568
180;1075
190;1969
200;3467
210;7061
220;14604
230;29302
240;54620
250;88989
260;123877
270;145956
280;146270
290;123198
300;87762
310;53544
320;28993
330;14881
340;8645
350;6768
360;6759
370;7943
380;8872
390;9277
400;8935
410;7861
420;6852
430;6111
440;6173
450;7133
460;9453
470;14851
480;24304
490;38970
500;56993
510;73876
520;84670
530;84035
540;72268
550;54559
560;35974
570;20879
580;11428
590;6278
600;3857
610;2966
620;2643
630;2512
640;2466
650;2339
660;2275
670;2298
680;2262
690;2390
700;2344
710;2307
720;2261
730;2296
740;2345
750;2295
760;2332
770;2388
780;2351
790;2387
800;2230
810;2243
820;2058
830;2085
840;1932
850;1829
860;1805
870;1784
880;1875
890;1795
900;1747
910;1726
920;1758
930;1725
940;1701
950;1749
960;1698
970;1688
980;1719
990;1684
1000;1731
1010;1673
1020;1691
1030;1714
1040;1672
1050;1754
1060;1769
1070;1719
1080;1727
1090;1613
1100;1676
1110;1608
1120;1538
1130;1552
1140;1547
1150;1499
1160;1546
1170;1586
1180;1557
1190;1509
1200;1670
1210;1701
1220;1731
1230;1856
1240;1856
1250;1976
1260;1985
1270;2046
1280;1964
1290;1801
1300;1768
1310;1556
1320;1563
1330;1499
1340;1479
1350;1470
1360;1413
1370;1394
1380;1383
1390;1364
1400;1396
1410;1413
1420;1428
1430;1413
1440;1417
1450;1457
1460;1526
1470;1612
1480;1727
1490;1640
1500;1600
1510;1583
1520;1579
1530;1455
1540;1387
1550;1360
1560;1347
1570;1291
1580;1220
1590;1250
1600;1292
1610;1230
1620;1241
1630;1186
1640;1212
1650;1258
1660;1232
1670;1233
1680;1188
1690;1252
1700;1209
1710;1219
1720;1248
1730;1219
1740;1223
1750;1265
1760;1222
1770;1251
1780;1239
1790;1200
1800;1158
1810;1231
1820;1084
1830;1164
1840;1143
1850;1101
1860;1015
1870;1021
1880;1036
1890;1010
1900;976
1910;944
1920;920
1930;977
1940;1006
1950;1052
1960;1024
1970;1048
1980;1124
1990;1150
2000;1182
2010;1247
2020;1207
2030;1195
2040;1217
2050;1146
2060;1082
2070;1030
2080;981
2090;963
2100;927
2110;914
2120;904
2130;944
2140;910
2150;891
2160;859
2170;896
2180;836
2190;855
2200;851
2210;860
2220;895
2230;880
2240;883
2250;890
2260;888
2270;990
2280;1022
2290;1029
2300;1061
2310;1036
2320;1033
2330;1023
2340;1033
2350;962
2360;898
2370;870
2380;827
2390;823
2400;834
2410;783
2420;804
2430;732
2440;766
2450;751
2460;778
2470;780
2480;752
2490;712
2500;680
2510;771
2520;691
2530;713
2540;720
2550;707
2560;695
2570;702
2580;687
2590;664
2600;700
2610;631
2620;656
2630;703
2640;678
2650;702
2660;649
2670;713
2680;662
2690;638
2700;603
2710;585
2720;581
2730;605
2740;622
2750;589
2760;629
2770;644
2780;585
2790;582
2800;580
2810;622
2820;541
2830;583
2840;598
2850;569
2860;595
2870;583
2880;535
2890;545
2900;548
2910;529
2920;510
2930;516
2940;569
2950;557
2960;511
2970;496
2980;517
2990;511
3000;525
3010;500
3020;507
3030;504
3040;551
3050;484
3060;507
3070;496
3080;481
3090;525
3100;478
3110;464
3120;515
3130;471
3140;476
3150;501
3160;474
3170;472
3180;493
3190;471
3200;487
3210;532
3220;525
3230;526
3240;618
3250;596
3260;739
3270;834
3280;911
3290;1034
3300;1156
3310;1214
3320;1298
3330;1254
3340;1216
3350;1197
3360;1032
3370;911
3380;790
3390;743
3400;610
3410;541
3420;490
3430;456
3440;427
3450;426
3460;436
3470;366
3480;434
3490;391
3500;439
3510;413
3520;378
3530;424
3540;434
3550;431
3560;453
3570;479
3580;500
3590;522
3600;511
3610;434
3620;493
3630;455
3640;481
3650;454
3660;474
3670;461
3680;408
3690;424
3700;410
3710;427
3720;406
3730;368
3740;368
3750;347
3760;338
3770;335
3780;323
3790;326
3800;339
3810;311
3820;315
3830;312
3840;311
3850;304
3860;338
3870;309
3880;270
3890;301
3900;326
3910;281
3920;296
3930;290
3940;282
3950;298
3960;289
3970;298
3980;278
3990;282
4000;290
4010;262
4020;296
4030;272
4040;258
4050;295
4060;279
4070;287
4080;306
4090;267
4100;235
4110;259
4120;239
4130;294
4140;280
4150;249
4160;260
4170;259
4180;282
4190;219
4200;240
4210;263
4220;246
4230;233
4240;230
4250;291
4260;258
4270;241
4280;231
4290;256
4300;225
4310;221
4320;235
4330;230
4340;212
4350;230
4360;233
4370;217
4380;216
4390;220
4400;199
4410;231
4420;198
4430;200
4440;219
4450;241
4460;199
4470;203
4480;201
4490;192
4500;213
4510;192
4520;202
4530;183
4540;203
4550;191
4560;182
4570;192
4580;168
4590;192
4600;190
4610;173
4620;176
4630;200
4640;182
4650;187
4660;193
4670;192
4680;185
4690;167
4700;201
4710;164
4720;176
4730;183
4740;157
4750;189
4760;157
4770;189
4780;178
4790;145
4800;149
4810;189
4820;168
4830;148
4840;150
4850;160
4860;153
4870;151
4880;159
4890;167
4900;170
4910;144
4920;137
4930;160
4940;140
4950;145
4960;152
4970;115
4980;157
4990;164
5000;145
5010;152
5020;135
5030;140
5040;151
5050;136
5060;141
5070;131
5080;131
5090;135
5100;126
5110;121
5120;111
5130;115
5140;114
5150;105
5160;121
5170;122
5180;98
5190;115
5200;98
5210;126
5220;102
5230;117
5240;116
5250;126
5260;128
5270;134
5280;109
5290;111
5300;119
5310;104
5320;109
5330;128
5340;110
5350;115
5360;93
5370;110
5380;100
5390;91
5400;99
5410;104
5420;104
5430;94
5440;109
5450;89
5460;90
5470;105
5480;85
5490;101
5500;71
5510;81
5520;90
5530;97
5540;97
5550;76
5560;84
5570;81
5580;80
5590;96
5600;94
5610;93
5620;75
5630;75
5640;83
5650;88
5660;84
5670;79
5680;86
5690;77
5700;70
5710;73
5720;75
5730;63
5740;83
5750;81
5760;72
5770;71
5780;68
5790;77
5800;78
5810;71
5820;77
5830;69
5840;67
5850;69
5860;77
5870;61
5880;57
5890;68
5900;75
5910;66
5920;79
5930;64
5940;63
5950;56
5960;67
5970;70
5980;54
5990;60
6000;45
6010;57
6020;57
6030;53
6040;49
6050;56
6060;55
6070;44
6080;64
6090;51
6100;49
6110;52
6120;61
6130;60
6140;44
6150;41
6160;48
6170;49
6180;46
6190;44
6200;55
6210;50
6220;44
6230;35
6240;43
6250;49
6260;40
6270;38
6280;50
6290;40
6300;42
6310;46
6320;37
6330;42
6340;45
6350;44
6360;45
6370;54
6380;44
6390;54
6400;44
6410;38
6420;42
6430;44
6440;54
6450;43
6460;43
6470;35
6480;38
6490;30
6500;38
6510;41
6520;33
6530;47
6540;32
6550;31
6560;31
6570;33
6580;31
6590;28
6600;23
6610;24
6620;24
6630;23
6640;27
6650;31
6660;33
6670;35
6680;37
6690;22
6700;34
6710;34
6720;19
6730;26
6740;17
6750;25
6760;35
6770;28
6780;35
6790;24
6800;34
6810;34
6820;22
6830;28
6840;19
6850;40
6860;20
6870;26
6880;27
6890;22
6900;18
6910;24
6920;19
6930;31
6940;25
6950;23
6960;17
6970;26
6980;26
6990;21
7000;26
7010;25
7020;30
7030;35
7040;32
7050;30
7060;24
7070;26
7080;22
7090;16
7100;30
7110;23
7120;24
7130;20
7140;25
7150;24
7160;21
7170;21
7180;18
7190;19
7200;12
7210;12
7220;23
7230;26
7240;24
7250;16
7260;21
7270;20
7280;13
7290;16
7300;10
7310;22
7320;27
7330;9
7340;24
7350;16
7360;14
7370;21
7380;23
7390;26
7400;18
7410;12
7420;19
7430;19
7440;28
7450;28
7460;15
7470;27
7480;34
7490;18
7500;29
7510;18
7520;21
7530;24
7540;19
7550;22
7560;18
7570;20
7580;8
7590;14
7600;14
7610;26
7620;10
7630;21
7640;22
7650;12
7660;17
7670;17
7680;16
7690;21
7700;12
7710;24
7720;23
7730;14
7740;23
7750;10
7760;8
7770;17
7780;24
7790;12
7800;18
7810;18
7820;13
7830;22
7840;12
7850;12
7860;12
7870;12
7880;12
7890;11
7900;17
7910;16
7920;21
7930;14
7940;13
7950;13
7960;12
7970;23
7980;17
7990;16
8000;18
8010;20
8020;19
8030;19
8040;12
8050;20
8060;11
8070;16
8080;12
8090;19
8100;11
8110;12
8120;15
8130;16
8140;17
8150;13
8160;25
8170;18
8180;10
8190;14
8200;12
8210;14
8220;14
8230;15
8240;11
8250;7
8260;13
8270;10
8280;16
8290;11
8300;19
8310;9
8320;8
8330;12
8340;7
8350;14
8360;13
8370;7
8380;11
8390;9
8400;8
8410;14
8420;16
8430;6
8440;13
8450;13
8460;9
8470;13
8480;8
8490;11
8500;12
8510;9
8520;9
8530;14
8540;9
8550;6
8560;16
8570;14
8580;17
8590;9
8600;16
8610;13
8620;12
8630;17
8640;10
8650;12
8660;14
8670;9
8680;6
8690;11
8700;18
8710;8
8720;10
8730;2
8740;12
8750;8
8760;16
8770;12
8780;8
8790;11
8800;12
8810;6
8820;7
8830;8
8840;8
8850;15
8860;10
8870;8
8880;8
8890;11
8900;7
8910;9
8920;15
8930;9
8940;12
8950;10
8960;5
8970;8
8980;4
8990;7
9000;9
9010;9
9020;9
9030;5
9040;6
9050;5
9060;4
9070;14
9080;4
9090;12
9100;11
9110;4
9120;8
9130;5
9140;7
9150;6
9160;8
9170;7
9180;4
9190;14
9200;5
9210;15
9220;10
9230;10
9240;10
9250;11
9260;9
9270;11
9280;11
9290;10
9300;9
9310;10
9320;16
9330;8
9340;7
9350;12
9360;10
9370;7
9380;8
9390;8
9400;8
9410;1
9420;6
9430;7
9440;8
9450;7
9460;4
9470;5
9480;6
9490;6
9500;9
9510;1
9520;7
9530;6
9540;6
9550;8
9560;2
9570;8
9580;8
9590;5
9600;5
9610;13
9620;10
9630;8
9640;3
9650;5
9660;8
9670;7
9680;5
9690;3
9700;9
9710;6
9720;7
9730;2
9740;5
9750;5
9760;5
9770;5
9780;10
9790;3
9800;5
9810;10
9820;5
9830;5
9840;2
9850;4
9860;5
9870;1
9880;9
9890;6
9900;7
9910;7
9920;9
9930;2
9940;4
9950;2
9960;2
9970;2
9980;5
9990;3
10000;6
10010;5
10020;3
10030;5
10040;3
10050;6
10060;5
10070;3
10080;10
10090;4
10100;1
10110;5
10120;10
10130;6
10140;3
10150;3
10160;3
10170;6
10180;6
10190;3
10200;5
10210;1
10220;8
10230;6
10240;3
10250;4
10260;2
10270;3
10280;5
10290;4
10300;2
10310;5
10320;4
10330;5
10340;1
10350;4
10360;3
10370;2
10380;7
10390;2
10400;2
10410;6
10420;2
10430;4
10440;3
10450;3
10460;0
10470;5
10480;3
10490;5
10500;0
10510;3
10520;3
10530;2
10540;4
10550;5
10560;4
10570;3
10580;4
10590;0
10600;2
10610;2
10620;5
10630;0
10640;6
10650;3
10660;6
10670;2
10680;0
10690;4
10700;1
10710;4
10720;7
10730;3
10740;1
10750;2
10760;2
10770;2
10780;0
10790;4
10800;3
10810;1
10820;1
10830;2
10840;0
10850;2
10860;2
10870;2
10880;0
10890;2
10900;0
10910;1
10920;2
10930;3
10940;1
10950;2
10960;1
10970;1
10980;1
10990;4
11000;1
11010;2
11020;2
11030;3
11040;1
11050;1
11060;1
11070;1
11080;3
11090;3
11100;0
11110;1
11120;2
11130;4
11140;4
11150;0
11160;0
11170;2
11180;2
11190;0
11200;2
11210;1
11220;2
11230;3
11240;0
11250;2
11260;2
11270;1
11280;4
11290;4
11300;1
11310;2
11320;0
11330;1
11340;2
11350;1
11360;1
11370;3
11380;0
11390;0
11400;0
11410;0
11420;1
11430;1
11440;2
11450;3
11460;0
11470;1
11480;1
11490;2
11500;3
11510;0
11520;0
11530;0
11540;1
11550;0
11560;1
11570;1
11580;0
11590;0
11600;1
11610;1
11620;3
11630;2
11640;1
11650;1
11660;1
11670;1
11680;1
11690;1
11700;1
11710;0
11720;1
11730;0
11740;0
11750;2
11760;1
11770;0
11780;2
11790;0
11800;0
11810;0
11820;0
11830;0
11840;1
11850;0
11860;0
11870;2
11880;0
11890;0
11900;0
11910;2
11920;0
11930;1
11940;0
11950;0
11960;1
11970;0
11980;1
11990;0
12000;2
12010;1
12020;0
12030;1
12040;0
12050;1
12060;1
12070;0
12080;1
12090;1
12100;0
12110;1
12120;0
12130;0
12140;0
12150;0
12160;0
12170;0
12180;0
12190;0
12200;0
12210;0
12220;1
12230;0
12240;0
12250;0
12260;0
12270;0
12280;0
12290;0
12300;1
12310;0
12320;0
12330;1
12340;0
12350;0
12360;0
12370;0
12380;0
12390;0
12400;0
12410;1
12420;0
12430;0
12440;0
12450;0
12460;0
12470;0
12480;0
12490;0
12500;0
12510;0
12520;0
12530;0
12540;0
12550;0
12560;0
12570;0
12580;0
12590;0
12600;0
12610;0
12620;0
12630;0
12640;0
12650;1
12660;0
12670;0
12680;0
12690;0
12700;0
12710;0
12720;0
12730;0
12740;0
12750;0
12760;0
12770;0
12780;0
12790;0
12800;0
12810;0
12820;0
12830;0
12840;0
12850;0
12860;0
12870;1
12880;0
12890;0
12900;0
12910;0
12920;0
12930;1
12940;0
12950;0
12960;0
12970;0
12980;0
12990;0
13000;0
13010;0
13020;0
13030;0
13040;0
13050;0
13060;0
13070;0
13080;0
13090;0
13100;0
13110;0
13120;0
13130;0
13140;0
13150;0
13160;0
13170;0
13180;0
13190;0
13200;0
13210;0
13220;0
13230;0
13240;0
13250;0
13260;0
13270;0
13280;0
13290;0
13300;0
13310;0
13320;0
13330;0
13340;1
13350;0
13360;0
13370;0
13380;0
13390;0
13400;0
13410;0
13420;0
13430;0
13440;0
13450;0
13460;0
13470;0
13480;0
13490;0
13500;0
13510;0
13520;1
13530;0
13540;0
13550;0
13560;0
13570;0
13580;0
13590;0
13600;0
13610;0
13620;0
13630;0
13640;0
13650;0
13660;0
13670;0
13680;0
13690;0
13700;0
13710;0
13720;0
13730;0
13740;0
13750;0
13760;0
13770;0
13780;0
13790;0
13800;0
13810;0
13820;0
13830;0
13840;0
13850;0
13860;0
13870;0
13880;0
13890;0
13900;0
13910;0
13920;0
13930;0
13940;0
13950;0
13960;0
13970;0
13980;0
13990;0
14000;0
14010;0
14020;0
14030;0
14040;0
14050;0
14060;0
14070;0
14080;0
14090;0
14100;0
14110;0
14120;0
14130;0
14140;0
14150;1
14160;0
14170;0
14180;0
14190;0
14200;0
14210;0
14220;0
14230;0
14240;0
14250;0
14260;0
14270;0
14280;0
14290;0
14300;0
14310;0
14320;0
14330;0
14340;0
14350;0
14360;0
14370;0
14380;0
14390;0
14400;0
14410;0
14420;0
14430;0
14440;0
14450;0
14460;0
14470;0
14480;0
14490;0
14500;0
14510;0
14520;0
14530;0
14540;0
14550;0
14560;0
14570;0
14580;0
14590;0
14600;0
14610;0
14620;0
14630;0
14640;0
14650;0
14660;0
14670;0
14680;0
14690;0
14700;0
14710;0
14720;0
14730;0
14740;0
14750;0
14760;0
14770;0
14780;0
14790;0
14800;0
14810;0
14820;0
14830;0
14840;0
14850;0
14860;0
14870;0
14880;0
14890;0
14900;0
14910;0
14920;0
14930;0
14940;0
14950;0
14960;0
14970;0
14980;0
14990;0
15000;0
15010;0
15020;0
15030;0
15040;0
15050;0
15060;0
15070;0
15080;0
15090;0
15100;0
15110;0
15120;0
15130;0
15140;0
15150;0
15160;0
15170;0
15180;0
15190;0
15200;0
15210;0
15220;0
15230;0
15240;0
15250;0
15260;0
15270;0
15280;0
15290;0
15300;0
15310;0
15320;0
15330;0
15340;0
15350;0
15360;0
15370;0
15380;0
15390;0
15400;0
15410;0
15420;0
15430;0
15440;0
15450;0
15460;0
15470;0
15480;0
15490;0
15500;0
15510;0
15520;0
15530;0
15540;0
15550;0
15560;0
15570;0
15580;0
15590;0
15600;0
15610;0
15620;0
15630;0
15640;0
15650;0
15660;0
15670;0
15680;0
15690;0
15700;0
15710;0
15720;0
15730;0
15740;0
15750;0
15760;0
15770;0
15780;0
15790;0
15800;0
15810;0
15820;0
15830;0
15840;0
15850;0
15860;0
15870;0
15880;0
15890;0
15900;0
15910;0
15920;0
15930;0
15940;0
15950;0
15960;0
15970;0
15980;0
15990;0
16000;0
16010;0
16020;0
16030;0
16040;0
16050;0
16060;0
16070;0
16080;0
16090;0
16100;0
16110;0
16120;0
16130;0
16140;0
16150;0
16160;0
16170;0
16180;0
16190;0
16200;0
16210;0
16220;0
16230;0
16240;0
16250;0
16260;0
16270;0
16280;0
16290;0
16300;0
16310;0
16320;0
16330;0
16340;0
16350;0
16360;0
16370;0
16380;0
16390;0
16400;0
16410;0
16420;0
16430;0
16440;0
16450;0
16460;0
16470;0
16480;0
16490;0
16500;0
16510;0
16520;0
16530;0
16540;0
16550;0
16560;0
16570;0
16580;0
16590;0
16600;0
16610;0
16620;0
16630;0
16640;0
16650;0
16660;0
16670;0
16680;0
16690;0
16700;0
16710;0
16720;0
16730;0
16740;0
16750;0
16760;0
16770;0
16780;0
16790;0
16800;0
16810;0
16820;0
16830;0
16840;0
16850;0
16860;0
16870;0
16880;0
16890;0
16900;0
16910;0
16920;0
16930;0
16940;0
16950;0
16960;0
16970;0
16980;0
16990;0
17000;0
17010;0
17020;0
17030;0
17040;0
17050;0
17060;0
17070;0
17080;0
17090;0
17100;0
17110;0
17120;0
17130;0
17140;0
17150;0
17160;0
17170;0
17180;0
17190;0
17200;0
17210;0
17220;0
17230;0
17240;0
17250;0
17260;0
17270;0
17280;0
17290;0
17300;0
17310;0
17320;0
17330;0
17340;0
17350;0
17360;0
17370;0
17380;0
17390;0
17400;0
17410;0
17420;0
17430;0
17440;0
17450;0
17460;0
17470;0
17480;0
17490;0
17500;0
17510;0
17520;0
17530;0
17540;0
17550;0
17560;0
17570;0
17580;0
17590;0
17600;0
17610;0
17620;0
17630;0
17640;0
17650;0
17660;0
17670;0
17680;0
17690;0
17700;0
17710;0
17720;0
17730;0
17740;0
17750;0
17760;0
17770;0
17780;0
17790;0
17800;0
17810;0
17820;0
17830;0
17840;0
17850;0
17860;0
17870;0
17880;0
17890;0
17900;0
17910;0
17920;0
17930;0
17940;0
17950;0
17960;0
17970;0
17980;0
17990;0
18000;0
18010;0
18020;0
18030;0
18040;0
18050;0
18060;0
18070;0
18080;0
18090;0
18100;0
18110;0
18120;0
18130;0
18140;0
18150;0
18160;0
18170;0
18180;0
18190;0
18200;0
18210;0
18220;0
18230;0
18240;0
18250;0
18260;0
18270;0
18280;0
18290;0
18300;0
18310;0
18320;0
18330;0
18340;0
18350;0
18360;0
18370;0
18380;0
18390;0
18400;0
18410;0
18420;0
18430;0
18440;0
18450;0
18460;0
18470;0
18480;0
18490;0
18500;0
18510;0
18520;0
18530;0
18540;0
18550;0
18560;0
18570;0
18580;0
18590;0
18600;0
18610;0
18620;0
18630;0
18640;0
18650;0
18660;0
18670;0
18680;0
18690;0
18700;0
18710;0
18720;0
18730;0
18740;0
18750;0
18760;0
18770;0
18780;0
18790;0
18800;0
18810;0
18820;0
18830;0
18840;0
18850;0
18860;0
18870;0
18880;0
18890;0
18900;0
18910;0
18920;0
18930;0
18940;0
18950;0
18960;0
18970;0
18980;0
18990;0
19000;0
19010;0
19020;0
19030;0
19040;0
19050;0
19060;0
19070;0
19080;0
19090;0
19100;0
19110;0
19120;0
19130;0
19140;0
19150;0
19160;0
19170;0
19180;0
19190;0
19200;0
19210;0
19220;0
19230;0
19240;0
19250;0
19260;0
19270;0
19280;0
19290;0
19300;0
19310;0
19320;0
19330;0
19340;0
19350;0
19360;0
19370;0
19380;0
19390;0
19400;0
19410;0
19420;0
19430;0
19440;0
19450;0
19460;0
19470;0
19480;0
19490;0
19500;0
19510;0
19520;0
19530;0
19540;0
19550;0
19560;0
19570;0
19580;0
19590;0
19600;0
19610;0
19620;0
19630;0
19640;0
19650;0
19660;0
19670;0
19680;0
19690;0
19700;0
19710;0
19720;0
19730;0
19740;0
19750;0
19760;0
19770;0
19780;0
19790;0
19800;0
19810;0
19820;0
19830;0
19840;0
19850;0
19860;0
19870;0
19880;0
19890;0
19900;0
19910;0
19920;0
19930;0
19940;0
19950;0
19960;0
19970;0
19980;0
19990;0
20000;0
20010;0
20020;0
20030;0
20040;0
20050;0
20060;0
20070;0
20080;0
20090;0
20100;0
20110;0
20120;0
20130;0
20140;0
20150;0
20160;0
20170;0
20180;0
20190;0
20200;0
20210;0
20220;0
20230;0
20240;0
20250;0
20260;0
20270;0
20280;0
20290;0
20300;0
20310;0
20320;0
20330;0
20340;0
20350;0
20360;0
20370;0
20380;0
20390;0
20400;0
20410;0
20420;0
20430;0
20440;0
20450;0
20460;0
20470;0
20480;0
20490;0
20500;0
20510;0
20520;0
20530;0
20540;0
20550;0
20560;0
20570;0
20580;0
20590;0
20600;0
20610;0
20620;0
20630;0
20640;0
20650;0
20660;0
20670;0
20680;0
20690;0
20700;0
20710;0
20720;0
20730;0
20740;0
20750;0
20760;0
20770;0
20780;0
20790;0
20800;0
20810;0
20820;0
20830;0
20840;0
20850;0
20860;0
20870;0
20880;0
20890;0
20900;0
20910;0
20920;0
20930;0
20940;0
20950;0
20960;0
20970;0
20980;0
20990;0
21000;0
21010;0
21020;0
21030;0
21040;0
21050;0
21060;0
21070;0
21080;0
21090;0
21100;0
21110;0
21120;0
21130;0
21140;0
21150;0
21160;0
21170;0
21180;0
21190;0
21200;0
21210;0
21220;0
21230;0
21240;0
21250;0
21260;0
21270;0
21280;0
21290;0
21300;0
21310;0
21320;0
21330;0
21340;0
21350;0
21360;0
21370;0
21380;0
21390;0
21400;0
21410;0
21420;0
21430;0
21440;0
21450;0
21460;0
21470;0
21480;0
21490;0
21500;0
21510;0
21520;0
21530;0
21540;0
21550;0
21560;0
21570;0
21580;0
21590;0
21600;0
21610;0
21620;0
21630;0
21640;0
21650;0
21660;0
21670;0
21680;0
21690;0
21700;0
21710;0
21720;0
21730;0
21740;0
21750;0
21760;0
21770;0
21780;0
21790;0
21800;0
21810;0
21820;0
21830;0
21840;0
21850;0
21860;0
21870;0
21880;0
21890;0
21900;0
21910;0
21920;0
21930;0
21940;0
21950;0
21960;0
21970;0
21980;0
21990;0
22000;0
22010;0
22020;0
22030;0
22040;0
22050;0
22060;0
22070;0
22080;0
22090;0
22100;0
22110;0
22120;0
22130;0
22140;0
22150;0
22160;0
22170;0
22180;0
22190;0
22200;0
22210;0
22220;0
22230;0
22240;0
22250;0
22260;0
22270;0
22280;0
22290;0
22300;0
22310;0
22320;0
22330;0
22340;0
22350;0
22360;0
22370;0
22380;0
22390;0
22400;0
22410;0
22420;0
22430;0
22440;0
22450;0
22460;0
22470;0
22480;0
22490;0
22500;0
22510;0
22520;0
22530;0
22540;0
22550;0
22560;0
22570;0
22580;0
22590;0
22600;0
22610;0
22620;0
22630;0
22640;0
22650;0
22660;0
22670;0
22680;0
22690;0
22700;0
22710;0
22720;0
22730;0
22740;0
22750;0
22760;0
22770;0
22780;0
22790;0
22800;0
22810;0
22820;0
22830;0
22840;0
22850;0
22860;0
22870;0
22880;0
22890;0
22900;0
22910;0
22920;0
22930;0
22940;0
22950;0
22960;0
22970;0
22980;0
22990;0
23000;0
23010;0
23020;0
23030;0
23040;0
23050;0
23060;0
23070;0
23080;0
23090;0
23100;0
23110;0
23120;0
23130;0
23140;0
23150;0
23160;0
23170;0
23180;0
23190;0
23200;0
23210;0
23220;0
23230;0
23240;0
23250;0
23260;0
23270;0
23280;0
23290;0
23300;0
23310;0
23320;0
23330;0
23340;0
23350;0
23360;0
23370;0
23380;0
23390;0
23400;0
23410;0
23420;0
23430;0
23440;0
23450;0
23460;0
23470;0
23480;0
23490;0
23500;0
23510;0
23520;0
23530;0
23540;0
23550;0
23560;0
23570;0
23580;0
23590;0
23600;0
23610;0
23620;0
23630;0
23640;0
23650;0
23660;0
23670;0
23680;0
23690;0
23700;0
23710;0
23720;0
23730;0
23740;0
23750;0
23760;0
23770;0
23780;0
23790;0
23800;0
23810;0
23820;0
23830;0
23840;0
23850;0
23860;0
23870;0
23880;0
23890;0
23900;0
23910;0
23920;0
23930;0
23940;0
23950;0
23960;0
23970;0
23980;0
23990;0
24000;0
24010;0
24020;0
24030;0
24040;0
24050;0
24060;0
24070;0
24080;0
24090;0
24100;0
24110;0
24120;0
24130;0
24140;0
24150;0
24160;0
24170;0
24180;0
24190;0
24200;0
24210;0
24220;0
24230;0
24240;0
24250;0
24260;0
24270;0
24280;0
24290;0
24300;0
24310;0
24320;0
24330;0
24340;0
24350;0
24360;0
24370;0
24380;0
24390;0
24400;0
24410;0
24420;0
24430;0
24440;0
24450;0
24460;0
24470;0
24480;0
24490;0
24500;0
24510;0
24520;0
24530;0
24540;0
24550;0
24560;0
24570;0
24580;0
24590;0
24600;0
24610;0
24620;0
24630;0
24640;0
24650;0
24660;0
24670;0
24680;0
24690;0
24700;0
24710;0
24720;0
24730;0
24740;0
24750;0
24760;0
24770;0
24780;0
24790;0
24800;0
24810;0
24820;0
24830;0
24840;0
24850;0
24860;0
24870;0
24880;0
24890;0
24900;0
24910;0
24920;0
24930;0
24940;0
24950;0
24960;0
24970;0
24980;0
24990;0
25000;0
25010;0
25020;0
25030;0
25040;0
25050;0
25060;0
25070;0
25080;0
25090;0
25100;0
25110;0
25120;0
25130;0
25140;0
25150;0
25160;0
25170;0
25180;0
25190;0
25200;0
25210;0
25220;0
25230;0
25240;0
25250;0
25260;0
25270;0
25280;0
25290;0
25300;0
25310;0
25320;0
25330;0
25340;0
25350;0
25360;0
25370;0
25380;0
25390;0
25400;0
25410;0
25420;0
25430;0
25440;0
25450;0
25460;0
25470;0
25480;0
25490;0
25500;0
25510;0
25520;0
25530;0
25540;0
25550;0
25560;0
25570;0
25580;0
25590;0
25600;0
25610;0
25620;0
25630;0
25640;0
25650;0
25660;0
25670;0
25680;0
25690;0
25700;0
25710;0
25720;0
25730;0
25740;0
25750;0
25760;0
25770;0
25780;0
25790;0
25800;0
25810;0
25820;0
25830;0
25840;0
25850;0
25860;0
25870;0
25880;0
25890;0
25900;0
25910;0
25920;0
25930;0
25940;0
25950;0
25960;0
25970;0
25980;0
25990;0
26000;0
26010;0
26020;0
26030;0
26040;0
26050;0
26060;0
26070;0
26080;0
26090;0
26100;0
26110;0
26120;0
26130;0
26140;0
26150;0
26160;0
26170;0
26180;0
26190;0
26200;0
26210;0
26220;0
26230;0
26240;0
26250;0
26260;0
26270;0
26280;0
26290;0
26300;0
26310;0
26320;0
26330;0
26340;0
26350;0
26360;0
26370;0
26380;0
26390;0
26400;0
26410;0
26420;0
26430;0
26440;0
26450;0
26460;0
26470;0
26480;0
26490;0
26500;0
26510;0
26520;0
26530;0
26540;0
26550;0
26560;0
26570;0
26580;0
26590;0
26600;0
26610;0
26620;0
26630;0
26640;0
26650;0
26660;0
26670;0
26680;0
26690;0
26700;0
26710;0
26720;0
26730;0
26740;0
26750;0
26760;0
26770;0
26780;0
26790;0
26800;0
26810;0
26820;0
26830;0
26840;0
26850;0
26860;0
26870;0
26880;0
26890;0
26900;0
26910;0
26920;0
26930;0
26940;0
26950;0
26960;0
26970;0
26980;0
26990;0
27000;0
27010;0
27020;0
27030;0
27040;0
27050;0
27060;0
27070;0
27080;0
27090;0
27100;0
27110;0
27120;0
27130;0
27140;0
27150;0
27160;0
27170;0
27180;0
27190;0
27200;0
27210;0
27220;0
27230;0
27240;0
27250;0
27260;0
27270;0
27280;0
27290;0
27300;0
27310;0
27320;0
27330;0
27340;0
27350;0
27360;0
27370;0
27380;0
27390;0
27400;0
27410;0
27420;0
27430;0
27440;0
27450;0
27460;0
27470;0
27480;0
27490;0
27500;0
27510;0
27520;0
27530;0
27540;0
27550;0
27560;0
27570;0
27580;0
27590;0
27600;0
27610;0
27620;0
27630;0
27640;0
27650;0
27660;0
27670;0
27680;0
27690;0
27700;0
27710;0
27720;0
27730;0
27740;0
27750;0
27760;0
27770;0
27780;0
27790;0
27800;0
27810;0
27820;0
27830;0
27840;0
27850;0
27860;0
27870;0
27880;0
27890;0
27900;0
27910;0
27920;0
27930;0
27940;0
27950;0
27960;0
27970;0
27980;0
27990;0
28000;0
28010;0
28020;0
28030;0
28040;0
28050;0
28060;0
28070;0
28080;0
28090;0
28100;0
28110;0
28120;0
28130;0
28140;0
28150;0
28160;0
28170;0
28180;0
28190;0
28200;0
28210;0
28220;0
28230;0
28240;0
28250;0
28260;0
28270;0
28280;0
28290;0
28300;0
28310;0
28320;0
28330;0
28340;0
28350;0
28360;0
28370;0
28380;0
28390;0
28400;0
28410;0
28420;0
28430;0
28440;0
28450;0
28460;0
28470;0
28480;0
28490;0
28500;0
28510;0
28520;0
28530;0
28540;0
28550;0
28560;0
28570;0
28580;0
28590;0
28600;0
28610;0
28620;0
28630;0
28640;0
28650;0
28660;0
28670;0
28680;0
28690;0
28700;0
28710;0
28720;0
28730;0
28740;0
28750;0
28760;0
28770;0
28780;0
28790;0
28800;0
28810;0
28820;0
28830;0
28840;0
28850;0
28860;0
28870;0
28880;0
28890;0
28900;0
28910;0
28920;0
28930;0
28940;0
28950;0
28960;0
28970;0
28980;0
28990;0
29000;0
29010;0
29020;0
29030;0
29040;0
29050;0
29060;0
29070;0
29080;0
29090;0
29100;0
29110;0
29120;0
29130;0
29140;0
29150;0
29160;0
29170;0
29180;0
29190;0
29200;0
29210;0
29220;0
29230;0
29240;0
29250;0
29260;0
29270;0
29280;0
29290;0
29300;0
29310;0
29320;0
29330;0
29340;0
29350;0
29360;0
29370;0
29380;0
29390;0
29400;0
29410;0
29420;0
29430;0
29440;0
29450;0
29460;0
29470;0
29480;0
29490;0
29500;0
29510;0
29520;0
29530;0
29540;0
29550;0
29560;0
29570;0
29580;0
29590;0
29600;0
29610;0
29620;0
29630;0
29640;0
29650;0
29660;0
29670;0
29680;0
29690;0
29700;0
29710;0
29720;0
29730;0
29740;0
29750;0
29760;0
29770;0
29780;0
29790;0
29800;0
29810;0
29820;0
29830;0
29840;0
29850;0
29860;0
29870;0
29880;0
29890;0
29900;0
29910;0
29920;0
29930;0
29940;0
29950;0
29960;0
29970;0
29980;0
29990;0
30000;0
