153.93055313304046,3398.0406619610635,27.63971296216084,-0.0007686093389768321,6.896373478543215
14.035058887998247,2.322475922146747,1.7579230860876205,5.500749176534334e-05,0.3306236862258303
14.122263938712136,2208.004572417021,1225.8318214870117
0.5972996330487618,47.06956516648355,40.40641520895263
153.93055313304046,3398.0406619610635,27.63971296216084,-0.0007686093389768321,6.896373478543215
14.035058887998247,2.322475922146747,1.7579230860876205,5.500749176534334e-05,0.3306236862258303
14.122263938712136,2208.004572417021,1225.8318214870117
0.5972996330487618,47.06956516648355,40.40641520895263
153.93055313304046,3398.0406619610635,27.63971296216084,-0.0007686093389768321,6.896373478543215
14.035058887998247,2.322475922146747,1.7579230860876205,5.500749176534334e-05,0.3306236862258303
14.122263938712136,2208.004572417021,1225.8318214870117
0.5972996330487618,47.06956516648355,40.40641520895263
